Best Prec @1 Accy,Accuracy of Class 0,Accuracy of Class 1,Accuracy of Class 2,Accuracy of Class 3,Accuracy of Class 4,Accuracy of Class 5,Accuracy of Class 6,Accuracy of Class 7,Accuracy of Class 8,Accuracy of Class 9,batch_size,shuffle,learning_rate,reg,momentum,loss_type,save_best,beta,dataset
0.5799999833106995,0.8537248373031616,0.04179566726088524,0.7152924537658691,,,,,,,,4,True,0.001,0.0005,0.9,Focal,True,0.999,ASSAULT
0.5753846168518066,0.8417618274688721,0.042569659650325775,0.7152924537658691,,,,,,,,4,True,0.001,0.0005,0.9,Focal,True,0.995,ASSAULT
0.5758242011070251,0.8444806933403015,0.04024767875671387,0.7152924537658691,,,,,,,,4,True,0.001,0.0005,0.9,Focal,True,0.99,ASSAULT
0.5784615278244019,0.8553561568260193,0.03405572846531868,0.7152924537658691,,,,,,,,4,True,0.001,0.001,0.9,Focal,True,0.999,ASSAULT
0.5789011120796204,0.8504621982574463,0.042569659650325775,0.7152924537658691,,,,,,,,4,True,0.001,0.001,0.9,Focal,True,0.995,ASSAULT
0.5762637257575989,0.8504621982574463,0.05727554112672806,0.6934460997581482,,,,,,,,4,True,0.001,0.001,0.9,Focal,True,0.99,ASSAULT
0.5832967162132263,0.8912452459335327,0.0,0.7152924537658691,,,,,,,,4,True,0.001,0.0005,0.95,Focal,True,0.999,ASSAULT
0.5832967162132263,0.8912452459335327,0.0,0.7152924537658691,,,,,,,,4,True,0.001,0.0005,0.95,Focal,True,0.995,ASSAULT
0.5832967162132263,0.8912452459335327,0.0,0.7152924537658691,,,,,,,,4,True,0.001,0.0005,0.95,Focal,True,0.99,ASSAULT
0.5775824189186096,0.8635127544403076,0.019349845126271248,0.7152924537658691,,,,,,,,4,True,0.001,0.001,0.95,Focal,True,0.999,ASSAULT
0.5813186764717102,0.8912452459335327,0.02631578966975212,0.6849894523620605,,,,,,,,4,True,0.001,0.001,0.95,Focal,True,0.995,ASSAULT
0.5771428346633911,0.8635127544403076,0.04566563293337822,0.6899224519729614,,,,,,,,4,True,0.001,0.001,0.95,Focal,True,0.99,ASSAULT
0.5793406367301941,0.8412180542945862,0.05727554112672806,0.7152924537658691,,,,,,,,4,True,0.001,0.0005,0.99,Focal,True,0.999,ASSAULT
0.5813186764717102,0.8548123836517334,0.04489164054393768,0.7152924537658691,,,,,,,,4,True,0.001,0.0005,0.99,Focal,True,0.995,ASSAULT
0.5769230723381042,0.832517683506012,0.09442724287509918,0.6849894523620605,,,,,,,,4,True,0.001,0.0005,0.99,Focal,True,0.99,ASSAULT
0.5813186764717102,0.8733007311820984,0.051857586950063705,0.6849894523620605,,,,,,,,4,True,0.001,0.001,0.99,Focal,True,0.999,ASSAULT
0.5758242011070251,0.8444806933403015,0.04024767875671387,0.7152924537658691,,,,,,,,4,True,0.001,0.001,0.99,Focal,True,0.995,ASSAULT
0.5714285969734192,0.8444806933403015,0.0905572772026062,0.6553910970687866,,,,,,,,4,True,0.001,0.001,0.99,Focal,True,0.99,ASSAULT
0.5698900818824768,0.8297988176345825,0.04179566726088524,0.7138830423355103,,,,,,,,8,True,0.001,0.0005,0.9,Focal,True,0.999,ASSAULT
0.5720878839492798,0.8444806933403015,0.04179566726088524,0.7019027471542358,,,,,,,,8,True,0.001,0.0005,0.9,Focal,True,0.995,ASSAULT
0.5736263990402222,0.8444806933403015,0.02089783363044262,0.7258632779121399,,,,,,,,8,True,0.001,0.0005,0.9,Focal,True,0.99,ASSAULT
0.5793406367301941,0.8134855628013611,0.047987617552280426,0.7596899271011353,,,,,,,,8,True,0.001,0.001,0.9,Focal,True,0.999,ASSAULT
0.5751648545265198,0.8172920346260071,0.07662538439035416,0.7152924537658691,,,,,,,,8,True,0.001,0.001,0.9,Focal,True,0.995,ASSAULT
0.5817582607269287,0.8542686104774475,0.05340557172894478,0.709654688835144,,,,,,,,8,True,0.001,0.001,0.9,Focal,True,0.99,ASSAULT
0.5720878839492798,0.822729766368866,0.07662538439035416,0.6983791589736938,,,,,,,,8,True,0.001,0.0005,0.95,Focal,True,0.999,ASSAULT
0.5731868147850037,0.822729766368866,0.061919502913951874,0.7152924537658691,,,,,,,,8,True,0.001,0.0005,0.95,Focal,True,0.995,ASSAULT
0.5731868147850037,0.822729766368866,0.061919502913951874,0.7152924537658691,,,,,,,,8,True,0.001,0.0005,0.95,Focal,True,0.99,ASSAULT
0.5734065771102905,0.8238173127174377,0.06114551052451134,0.7152924537658691,,,,,,,,8,True,0.001,0.001,0.95,Focal,True,0.999,ASSAULT
0.5731868147850037,0.822729766368866,0.061919502913951874,0.7152924537658691,,,,,,,,8,True,0.001,0.001,0.95,Focal,True,0.995,ASSAULT
0.5731868147850037,0.8297988176345825,0.08513931930065155,0.6849894523620605,,,,,,,,8,True,0.001,0.001,0.95,Focal,True,0.99,ASSAULT
0.5690109729766846,0.8047851920127869,0.09442724287509918,0.6955602765083313,,,,,,,,8,True,0.001,0.0005,0.99,Focal,True,0.999,ASSAULT
0.5745055079460144,0.8553561568260193,0.05263157933950424,0.68569415807724,,,,,,,,8,True,0.001,0.0005,0.99,Focal,True,0.995,ASSAULT
0.5690109729766846,0.8047851920127869,0.09442724287509918,0.6955602765083313,,,,,,,,8,True,0.001,0.0005,0.99,Focal,True,0.99,ASSAULT
0.5687912106513977,0.8053289651870728,0.09287925809621811,0.6955602765083313,,,,,,,,8,True,0.001,0.001,0.99,Focal,True,0.999,ASSAULT
0.5687912106513977,0.8053289651870728,0.13699690997600555,0.6553910970687866,,,,,,,,8,True,0.001,0.001,0.99,Focal,True,0.995,ASSAULT
0.573846161365509,0.8265361785888672,0.09210526198148727,0.6849894523620605,,,,,,,,8,True,0.001,0.001,0.99,Focal,True,0.99,ASSAULT
0.3878260850906372,0.3512396812438965,0.5635592937469482,0.039855074137449265,0.23663365840911865,0.7639620900154114,0.0,,,,,4,True,0.001,0.0005,0.9,Focal,True,0.999,BATTERY
0.39032965898513794,0.35849055647850037,0.46436524391174316,0.11528822034597397,0.22381378710269928,0.8235294222831726,0.0,,,,,4,True,0.001,0.0005,0.9,Focal,True,0.995,BATTERY
0.39956045150756836,0.38026124238967896,0.423162579536438,0.09899749606847763,0.28379589319229126,0.8342245817184448,0.0,,,,,4,True,0.001,0.0005,0.9,Focal,True,0.99,BATTERY
0.3909890055656433,0.3674074113368988,0.4567510485649109,0.03836633637547493,0.31219980120658875,0.7910447716712952,0.0,,,,,4,True,0.001,0.001,0.9,Focal,True,0.999,BATTERY
0.3897826075553894,0.3292011022567749,0.5730932354927063,0.0555555559694767,0.25445544719696045,0.748155951499939,0.0,,,,,4,True,0.001,0.001,0.9,Focal,True,0.995,BATTERY
0.38847824931144714,0.41336116194725037,0.494716614484787,0.04278728738427162,0.28586724400520325,0.752293586730957,0.0,,,,,4,True,0.001,0.001,0.9,Focal,True,0.99,BATTERY
0.39230769872665405,0.23672883212566376,0.5588558912277222,0.03606965020298958,0.2575905919075012,0.8367347121238708,0.0,,,,,4,True,0.001,0.0005,0.95,Focal,True,0.999,BATTERY
0.3969230651855469,0.2048611044883728,0.4452133774757385,0.2076433151960373,0.1911623477935791,0.8736059665679932,0.0,,,,,4,True,0.001,0.0005,0.95,Focal,True,0.995,BATTERY
0.40521737933158875,0.24613003432750702,0.5441527366638184,0.08801020681858063,0.25594672560691833,0.8155774474143982,0.0,,,,,4,True,0.001,0.0005,0.95,Focal,True,0.99,BATTERY
0.39934781193733215,0.23219814896583557,0.4630071520805359,0.07015305757522583,0.3549000918865204,0.7797672152519226,0.0,,,,,4,True,0.001,0.001,0.95,Focal,True,0.999,BATTERY
0.3901098966598511,0.293178528547287,0.5657015442848206,0.10401002317667007,0.21933750808238983,0.7882353067398071,0.0,,,,,4,True,0.001,0.001,0.95,Focal,True,0.995,BATTERY
0.4019565284252167,0.2089783251285553,0.49164676666259766,0.13775509595870972,0.26260703802108765,0.821844220161438,0.0,,,,,4,True,0.001,0.001,0.95,Focal,True,0.99,BATTERY
0.3932608664035797,0.400928795337677,0.33651551604270935,0.08418367058038712,0.31493815779685974,0.7797672152519226,0.0,,,,,4,True,0.001,0.0005,0.99,Focal,True,0.999,BATTERY
0.3962637484073639,0.3541364371776581,0.43429845571517944,0.09899749606847763,0.2775290906429291,0.8342245817184448,0.0,,,,,4,True,0.001,0.0005,0.99,Focal,True,0.995,BATTERY
0.40086957812309265,0.27244582772254944,0.47374701499938965,0.12117347121238708,0.29019981622695923,0.7797672152519226,0.0,,,,,4,True,0.001,0.0005,0.99,Focal,True,0.99,BATTERY
0.395652174949646,0.24922600388526917,0.5680190920829773,0.10459183901548386,0.21883919835090637,0.7797672152519226,0.0,,,,,4,True,0.001,0.001,0.99,Focal,True,0.999,BATTERY
0.39630433917045593,0.2136222869157791,0.6324582099914551,0.030612245202064514,0.24738344550132751,0.7797672152519226,0.0,,,,,4,True,0.001,0.001,0.99,Focal,True,0.995,BATTERY
0.39934781193733215,0.2136222869157791,0.5059666037559509,0.05994898080825806,0.30161750316619873,0.8155774474143982,0.0,,,,,4,True,0.001,0.001,0.99,Focal,True,0.99,BATTERY
0.37869566679000854,0.3956158757209778,0.40537944436073303,0.07701711356639862,0.26124197244644165,0.8309305310249329,0.0,,,,,8,True,0.001,0.0005,0.9,Focal,True,0.999,BATTERY
0.38608697056770325,0.38935282826423645,0.45341017842292786,0.06601466983556747,0.24732333421707153,0.846657931804657,0.0,,,,,8,True,0.001,0.0005,0.9,Focal,True,0.995,BATTERY
0.3848351538181305,0.39121338725090027,0.5256988406181335,0.0,0.3455284535884857,0.6806596517562866,0.0,,,,,8,True,0.001,0.0005,0.9,Focal,True,0.99,BATTERY
0.37978023290634155,0.40062761306762695,0.4661857485771179,0.0954773873090744,0.2489837408065796,0.7601199150085449,0.0,,,,,8,True,0.001,0.001,0.9,Focal,True,0.999,BATTERY
0.3863736391067505,0.3776150643825531,0.5437331199645996,0.008793969638645649,0.30894309282302856,0.7241379022598267,0.0,,,,,8,True,0.001,0.001,0.9,Focal,True,0.995,BATTERY
0.38456520438194275,0.2734864354133606,0.5965417623519897,0.024449877440929413,0.29443255066871643,0.7745740413665771,0.0,,,,,8,True,0.001,0.001,0.9,Focal,True,0.99,BATTERY
0.38505494594573975,0.35077792406082153,0.43394309282302856,0.09948979318141937,0.2338787317276001,0.8181818127632141,0.0,,,,,8,True,0.001,0.0005,0.95,Focal,True,0.999,BATTERY
0.38659340143203735,0.2942008376121521,0.5589430928230286,0.03316326439380646,0.248315691947937,0.7759740352630615,0.0,,,,,8,True,0.001,0.0005,0.95,Focal,True,0.995,BATTERY
0.39739128947257996,0.29204893112182617,0.6124454140663147,0.013683009892702103,0.3468599021434784,0.7057057023048401,0.0,,,,,8,True,0.001,0.0005,0.95,Focal,True,0.99,BATTERY
0.38923075795173645,0.256894052028656,0.5723830461502075,0.08771929889917374,0.20590868592262268,0.8342245817184448,0.0,,,,,8,True,0.001,0.001,0.95,Focal,True,0.999,BATTERY
0.385869562625885,0.292011022567749,0.5805084705352783,0.06280193477869034,0.24554455280303955,0.7534246444702148,0.0,,,,,8,True,0.001,0.001,0.95,Focal,True,0.995,BATTERY
0.38769230246543884,0.3178519606590271,0.5111358761787415,0.06892230361700058,0.1960608810186386,0.8684492111206055,0.0,,,,,8,True,0.001,0.001,0.95,Focal,True,0.99,BATTERY
0.39586955308914185,0.10835913568735123,0.4844868779182434,0.06505101919174194,0.4024738371372223,0.7797672152519226,0.0,,,,,8,True,0.001,0.0005,0.99,Focal,True,0.999,BATTERY
0.3916483521461487,0.407837450504303,0.4877505600452423,0.05388471111655235,0.18621307611465454,0.8684492111206055,0.0,,,,,8,True,0.001,0.0005,0.99,Focal,True,0.995,BATTERY
0.38923075795173645,0.28011611104011536,0.5155901908874512,0.12531328201293945,0.21038496494293213,0.8342245817184448,0.0,,,,,8,True,0.001,0.0005,0.99,Focal,True,0.99,BATTERY
0.39347827434539795,0.3549783527851105,0.5498489141464233,0.0,0.23562152683734894,0.8093220591545105,0.0,,,,,8,True,0.001,0.001,0.99,Focal,True,0.999,BATTERY
0.3916483521461487,0.256894052028656,0.525612473487854,0.18170426785945892,0.18621307611465454,0.8342245817184448,0.0,,,,,8,True,0.001,0.001,0.99,Focal,True,0.995,BATTERY
0.39739128947257996,0.21207430958747864,0.4105011820793152,0.17984694242477417,0.28068506717681885,0.8155774474143982,0.0,,,,,8,True,0.001,0.001,0.99,Focal,True,0.99,BATTERY
0.450549453496933,0.7557755708694458,0.20454545319080353,0.0,0.7110862135887146,,,,,,,4,True,0.001,0.0005,0.9,Focal,True,0.999,CRIMINAL DAMAGE
0.4560869634151459,0.6932797431945801,0.28885629773139954,0.0,0.6716216206550598,,,,,,,4,True,0.001,0.0005,0.9,Focal,True,0.995,CRIMINAL DAMAGE
0.45195651054382324,0.7093624472618103,0.24046920239925385,0.02384105883538723,0.6729729771614075,,,,,,,4,True,0.001,0.0005,0.9,Focal,True,0.99,CRIMINAL DAMAGE
0.4498901069164276,0.7372937202453613,0.20000000298023224,0.0,0.7458006739616394,,,,,,,4,True,0.001,0.001,0.9,Focal,True,0.999,CRIMINAL DAMAGE
0.4493478238582611,0.6634118556976318,0.29398825764656067,0.0,0.6905405521392822,,,,,,,4,True,0.001,0.001,0.9,Focal,True,0.995,CRIMINAL DAMAGE
0.45076924562454224,0.7471947073936462,0.19166666269302368,0.0,0.7458006739616394,,,,,,,4,True,0.001,0.001,0.9,Focal,True,0.99,CRIMINAL DAMAGE
0.45847827196121216,0.7599080801010132,0.21994134783744812,0.0,0.6567567586898804,,,,,,,4,True,0.001,0.0005,0.95,Focal,True,0.999,CRIMINAL DAMAGE
0.4621739089488983,0.7656519412994385,0.22507330775260925,0.0,0.6567567586898804,,,,,,,4,True,0.001,0.0005,0.95,Focal,True,0.995,CRIMINAL DAMAGE
0.4621739089488983,0.7782883644104004,0.20894427597522736,0.0,0.6567567586898804,,,,,,,4,True,0.001,0.0005,0.95,Focal,True,0.99,CRIMINAL DAMAGE
0.4615217447280884,0.7639287710189819,0.22507330775260925,0.0,0.6567567586898804,,,,,,,4,True,0.001,0.001,0.95,Focal,True,0.999,CRIMINAL DAMAGE
0.45911112427711487,0.7463335394859314,0.1879194676876068,0.0,0.7201309204101562,,,,,,,4,True,0.001,0.001,0.95,Focal,True,0.995,CRIMINAL DAMAGE
0.46195653080940247,0.7857553362846375,0.19721408188343048,0.0,0.6594594717025757,,,,,,,4,True,0.001,0.001,0.95,Focal,True,0.99,CRIMINAL DAMAGE
0.45847827196121216,0.7398046851158142,0.24340176582336426,0.00397351011633873,0.6567567586898804,,,,,,,4,True,0.001,0.0005,0.99,Focal,True,0.999,CRIMINAL DAMAGE
0.4571739137172699,0.7627800107002258,0.1832844614982605,0.018543045967817307,0.6905405521392822,,,,,,,4,True,0.001,0.0005,0.99,Focal,True,0.995,CRIMINAL DAMAGE
0.45533332228660583,0.7322107553482056,0.18866518139839172,0.012729844078421593,0.7184942960739136,,,,,,,4,True,0.001,0.0005,0.99,Focal,True,0.99,CRIMINAL DAMAGE
0.4560000002384186,0.7061379551887512,0.2229679375886917,0.03677510470151901,0.6988543272018433,,,,,,,4,True,0.001,0.001,0.99,Focal,True,0.999,CRIMINAL DAMAGE
0.4566666781902313,0.7153720855712891,0.21252796053886414,0.03677510470151901,0.6988543272018433,,,,,,,4,True,0.001,0.001,0.99,Focal,True,0.995,CRIMINAL DAMAGE
0.45577776432037354,0.7273221015930176,0.19313944876194,0.03677510470151901,0.6988543272018433,,,,,,,4,True,0.001,0.001,0.99,Focal,True,0.99,CRIMINAL DAMAGE
0.4290109872817993,0.5805837512016296,0.30030959844589233,0.01670951209962368,0.7035398483276367,,,,,,,8,True,0.001,0.0005,0.9,Focal,True,0.999,CRIMINAL DAMAGE
0.4434782564640045,0.6860739588737488,0.2936137020587921,0.01845443993806839,0.6578947305679321,,,,,,,8,True,0.001,0.0005,0.9,Focal,True,0.995,CRIMINAL DAMAGE
0.4134782552719116,0.6349331140518188,0.20638629794120789,0.08535178750753403,0.6417657136917114,,,,,,,8,True,0.001,0.0005,0.9,Focal,True,0.99,CRIMINAL DAMAGE
0.4395652115345001,0.7112509608268738,0.25778815150260925,0.008073817938566208,0.6621392369270325,,,,,,,8,True,0.001,0.001,0.9,Focal,True,0.999,CRIMINAL DAMAGE
0.4423913061618805,0.6239181756973267,0.36370715498924255,0.0,0.6578947305679321,,,,,,,8,True,0.001,0.001,0.9,Focal,True,0.995,CRIMINAL DAMAGE
0.4384782612323761,0.6953068375587463,0.22973977029323578,0.029620852321386337,0.7017543911933899,,,,,,,8,True,0.001,0.001,0.9,Focal,True,0.99,CRIMINAL DAMAGE
0.4472527503967285,0.724092423915863,0.2242424190044403,0.0,0.7189249992370605,,,,,,,8,True,0.001,0.0005,0.95,Focal,True,0.999,CRIMINAL DAMAGE
0.44395604729652405,0.6798679828643799,0.26893940567970276,0.0,0.7110862135887146,,,,,,,8,True,0.001,0.0005,0.95,Focal,True,0.995,CRIMINAL DAMAGE
0.4545055031776428,0.7834983468055725,0.20075757801532745,0.0,0.6898096203804016,,,,,,,8,True,0.001,0.0005,0.95,Focal,True,0.99,CRIMINAL DAMAGE
0.4525274634361267,0.761056125164032,0.21212121844291687,0.0,0.7010078430175781,,,,,,,8,True,0.001,0.001,0.95,Focal,True,0.999,CRIMINAL DAMAGE
0.4446153938770294,0.6996699571609497,0.2393939346075058,0.0,0.7245240807533264,,,,,,,8,True,0.001,0.001,0.95,Focal,True,0.995,CRIMINAL DAMAGE
0.4493333399295807,0.6974470615386963,0.2214765101671219,0.0,0.7217676043510437,,,,,,,8,True,0.001,0.001,0.95,Focal,True,0.99,CRIMINAL DAMAGE
0.4454347789287567,0.7530685663223267,0.25724905729293823,0.0,0.6432748436927795,,,,,,,8,True,0.001,0.0005,0.99,Focal,True,0.999,CRIMINAL DAMAGE
0.44521740078926086,0.7465704083442688,0.22973977029323578,0.0,0.6871345043182373,,,,,,,8,True,0.001,0.0005,0.99,Focal,True,0.995,CRIMINAL DAMAGE
0.44717392325401306,0.777617335319519,0.2044609636068344,0.0,0.6871345043182373,,,,,,,8,True,0.001,0.0005,0.99,Focal,True,0.99,CRIMINAL DAMAGE
0.4458695650100708,0.7747292518615723,0.22602230310440063,0.0,0.6569200754165649,,,,,,,8,True,0.001,0.001,0.99,Focal,True,0.999,CRIMINAL DAMAGE
0.4447826147079468,0.7963898777961731,0.2014869898557663,0.0,0.6549707651138306,,,,,,,8,True,0.001,0.001,0.99,Focal,True,0.995,CRIMINAL DAMAGE
0.44804346561431885,0.7747292518615723,0.21040892601013184,0.0,0.6871345043182373,,,,,,,8,True,0.001,0.001,0.99,Focal,True,0.99,CRIMINAL DAMAGE
0.8595604300498962,0.967024564743042,0.0,0.7757575511932373,,,,,,,,4,True,0.001,0.0005,0.9,Focal,True,0.999,NARCOTICS
0.8450549244880676,0.9473415017127991,0.023255813866853714,0.7757575511932373,,,,,,,,4,True,0.001,0.0005,0.9,Focal,True,0.995,NARCOTICS
0.8504347801208496,0.9826470017433167,0.0,0.6860465407371521,,,,,,,,4,True,0.001,0.0005,0.9,Focal,True,0.99,NARCOTICS
0.8595604300498962,0.967024564743042,0.0,0.7757575511932373,,,,,,,,4,True,0.001,0.001,0.9,Focal,True,0.999,NARCOTICS
0.8450549244880676,0.9473415017127991,0.023255813866853714,0.7757575511932373,,,,,,,,4,True,0.001,0.001,0.9,Focal,True,0.995,NARCOTICS
0.8595604300498962,0.967024564743042,0.0,0.7757575511932373,,,,,,,,4,True,0.001,0.001,0.9,Focal,True,0.99,NARCOTICS
0.8595604300498962,0.967024564743042,0.0,0.7757575511932373,,,,,,,,4,True,0.001,0.0005,0.95,Focal,True,0.999,NARCOTICS
0.8595604300498962,0.967024564743042,0.0,0.7757575511932373,,,,,,,,4,True,0.001,0.0005,0.95,Focal,True,0.995,NARCOTICS
0.8595604300498962,0.967024564743042,0.0,0.7757575511932373,,,,,,,,4,True,0.001,0.0005,0.95,Focal,True,0.99,NARCOTICS
0.8595604300498962,0.967024564743042,0.0,0.7757575511932373,,,,,,,,4,True,0.001,0.001,0.95,Focal,True,0.999,NARCOTICS
0.8595604300498962,0.967024564743042,0.0,0.7757575511932373,,,,,,,,4,True,0.001,0.001,0.95,Focal,True,0.995,NARCOTICS
0.8635165095329285,0.967024564743042,0.05496828630566597,0.7272727489471436,,,,,,,,4,True,0.001,0.001,0.95,Focal,True,0.99,NARCOTICS
0.6492307782173157,0.7402317523956299,0.0,0.8313252925872803,,,,,,,,4,True,0.001,0.0005,0.99,Focal,True,0.999,NARCOTICS
0.6492307782173157,0.7810044288635254,0.05743243172764778,0.839455783367157,,,,,,,,4,True,0.001,0.0005,0.99,Focal,True,0.995,NARCOTICS
0.6482222080230713,0.7697885036468506,0.16370439529418945,0.8265765905380249,,,,,,,,4,True,0.001,0.0005,0.99,Focal,True,0.99,NARCOTICS
0.6567032933235168,0.7745289206504822,0.05415162444114685,0.8720749020576477,,,,,,,,4,True,0.001,0.001,0.99,Focal,True,0.999,NARCOTICS
0.690666675567627,0.771563708782196,0.0,0.9029649496078491,,,,,,,,4,True,0.001,0.001,0.99,Focal,True,0.995,NARCOTICS
0.6797826290130615,0.7736337780952454,0.0,0.8139534592628479,,,,,,,,4,True,0.001,0.001,0.99,Focal,True,0.99,NARCOTICS
0.8595604300498962,0.967024564743042,0.0,0.7757575511932373,,,,,,,,8,True,0.001,0.0005,0.9,Focal,True,0.999,NARCOTICS
0.8432967066764832,0.9473415017127991,0.0,0.7939394116401672,,,,,,,,8,True,0.001,0.0005,0.9,Focal,True,0.995,NARCOTICS
0.8432608842849731,0.9712509512901306,0.0,0.75,,,,,,,,8,True,0.001,0.0005,0.9,Focal,True,0.99,NARCOTICS
0.8432967066764832,0.9473415017127991,0.0,0.7939394116401672,,,,,,,,8,True,0.001,0.001,0.9,Focal,True,0.999,NARCOTICS
0.8489130139350891,0.9712509512901306,0.06525573134422302,0.6860465407371521,,,,,,,,8,True,0.001,0.001,0.9,Focal,True,0.995,NARCOTICS
0.8432608842849731,0.9712509512901306,0.0,0.75,,,,,,,,8,True,0.001,0.001,0.9,Focal,True,0.99,NARCOTICS
0.8500000238418579,0.9810929894447327,0.0,0.7093023061752319,,,,,,,,8,True,0.001,0.0005,0.95,Focal,True,0.999,NARCOTICS
0.8432967066764832,0.9473415017127991,0.0,0.7939394116401672,,,,,,,,8,True,0.001,0.0005,0.95,Focal,True,0.995,NARCOTICS
0.8468132019042969,0.9483640193939209,0.031712472438812256,0.7757575511932373,,,,,,,,8,True,0.001,0.0005,0.95,Focal,True,0.99,NARCOTICS
0.8489130139350891,0.9712509512901306,0.06525573134422302,0.6860465407371521,,,,,,,,8,True,0.001,0.001,0.95,Focal,True,0.999,NARCOTICS
0.8432967066764832,0.9473415017127991,0.0,0.7939394116401672,,,,,,,,8,True,0.001,0.001,0.95,Focal,True,0.995,NARCOTICS
0.8461538553237915,0.9478527903556824,0.029598308727145195,0.7757575511932373,,,,,,,,8,True,0.001,0.001,0.95,Focal,True,0.99,NARCOTICS
0.6402222514152527,0.7921450138092041,0.11599625647068024,0.8141891956329346,,,,,,,,8,True,0.001,0.0005,0.99,Focal,True,0.999,NARCOTICS
0.6397777795791626,0.7740181088447571,0.12160898000001907,0.8265765905380249,,,,,,,,8,True,0.001,0.0005,0.99,Focal,True,0.995,NARCOTICS
0.6402222514152527,0.7854984998703003,0.09260991215705872,0.8344594836235046,,,,,,,,8,True,0.001,0.0005,0.99,Focal,True,0.99,NARCOTICS
0.6523076891899109,0.7748538255691528,0.0,0.9095163941383362,,,,,,,,8,True,0.001,0.001,0.99,Focal,True,0.999,NARCOTICS
0.6588888764381409,0.7292709946632385,0.0018691589357331395,0.9245283007621765,,,,,,,,8,True,0.001,0.001,0.99,Focal,True,0.995,NARCOTICS
0.641777753829956,0.7842900156974792,0.09354536980390549,0.8389639854431152,,,,,,,,8,True,0.001,0.001,0.99,Focal,True,0.99,NARCOTICS
0.3936956524848938,0.0,0.05316092073917389,0.15117719769477844,0.6123595237731934,0.5748175382614136,0.5882353186607361,,,,,4,True,0.001,0.0005,0.9,Focal,True,0.999,THEFT
0.40043479204177856,0.0,0.10833333432674408,0.13908205926418304,0.4692307710647583,0.579370379447937,0.5133333206176758,,,,,4,True,0.001,0.0005,0.9,Focal,True,0.995,THEFT
0.394565224647522,0.02247191034257412,0.21041665971279144,0.280945748090744,0.46293705701828003,0.4634963274002075,0.5133333206176758,,,,,4,True,0.001,0.0005,0.9,Focal,True,0.99,THEFT
0.40369564294815063,0.0,0.1770833283662796,0.13073714077472687,0.5545454621315002,0.4896182119846344,0.5133333206176758,,,,,4,True,0.001,0.001,0.9,Focal,True,0.999,THEFT
0.40521737933158875,0.056179776787757874,0.05833333358168602,0.25312933325767517,0.4587412476539612,0.5586068034172058,0.5133333206176758,,,,,4,True,0.001,0.001,0.9,Focal,True,0.995,THEFT
0.4060869514942169,0.0,0.13750000298023224,0.1668984740972519,0.5475524663925171,0.498995304107666,0.5133333206176758,,,,,4,True,0.001,0.001,0.9,Focal,True,0.99,THEFT
0.4247826039791107,0.0,0.06666667014360428,0.08205841481685638,0.5741258859634399,0.5947756171226501,0.5133333206176758,,,,,4,True,0.001,0.0005,0.95,Focal,True,0.999,THEFT
0.4310869574546814,0.0,0.10208333283662796,0.1627260148525238,0.5643356442451477,0.5733422636985779,0.5133333206176758,,,,,4,True,0.001,0.0005,0.95,Focal,True,0.995,THEFT
0.42652174830436707,0.0,0.10208333283662796,0.1668984740972519,0.5776223540306091,0.5445411801338196,0.5133333206176758,,,,,4,True,0.001,0.0005,0.95,Focal,True,0.99,THEFT
0.43239131569862366,0.0,0.14374999701976776,0.13769124448299408,0.5657342672348022,0.5746818780899048,0.5133333206176758,,,,,4,True,0.001,0.001,0.95,Focal,True,0.999,THEFT
0.4236956536769867,0.0,0.14374999701976776,0.11404728889465332,0.6146852970123291,0.5123911499977112,0.5133333206176758,,,,,4,True,0.001,0.001,0.95,Focal,True,0.995,THEFT
0.428260862827301,0.0,0.09583333134651184,0.16968011856079102,0.5538461804389954,0.5733422636985779,0.5133333206176758,,,,,4,True,0.001,0.001,0.95,Focal,True,0.99,THEFT
0.43673911690711975,0.0,0.1979166716337204,0.0,0.6321678161621094,0.5733422636985779,0.5133333206176758,,,,,4,True,0.001,0.0005,0.99,Focal,True,0.999,THEFT
0.4350000023841858,0.0,0.12291666865348816,0.1293463110923767,0.5867133140563965,0.5733422636985779,0.5133333206176758,,,,,4,True,0.001,0.0005,0.99,Focal,True,0.995,THEFT
0.43673911690711975,0.0,0.057692307978868484,0.03267045319080353,0.6848528385162354,0.5623735785484314,0.5600000023841858,,,,,4,True,0.001,0.0005,0.99,Focal,True,0.99,THEFT
0.4350000023841858,0.0,0.19615384936332703,0.06676136702299118,0.6101938486099243,0.5623735785484314,0.5600000023841858,,,,,4,True,0.001,0.001,0.99,Focal,True,0.999,THEFT
0.44217389822006226,0.0,0.1538461595773697,0.03267045319080353,0.6109117269515991,0.6149696707725525,0.5600000023841858,,,,,4,True,0.001,0.001,0.99,Focal,True,0.995,THEFT
0.43434783816337585,0.0,0.19230769574642181,0.03267045319080353,0.6267049312591553,0.5623735785484314,0.5600000023841858,,,,,4,True,0.001,0.001,0.99,Focal,True,0.99,THEFT
0.3897826075553894,0.0,0.3298968970775604,0.04565701633691788,0.6959999799728394,0.40275049209594727,0.5962963104248047,,,,,8,True,0.001,0.0005,0.9,Focal,True,0.999,THEFT
0.3823913037776947,0.0,0.34315168857574463,0.19265033304691315,0.5687272548675537,0.40275049209594727,0.5962963104248047,,,,,8,True,0.001,0.0005,0.9,Focal,True,0.995,THEFT
0.3897826075553894,0.0,0.3343151807785034,0.10690423101186752,0.5803636312484741,0.5019646286964417,0.5962963104248047,,,,,8,True,0.001,0.0005,0.9,Focal,True,0.99,THEFT
0.38760870695114136,0.0,0.3372606635093689,0.09131403267383575,0.6552727222442627,0.40275049209594727,0.5962963104248047,,,,,8,True,0.001,0.001,0.9,Focal,True,0.999,THEFT
0.38652172684669495,0.0,0.3416789472103119,0.07349666208028793,0.6058181524276733,0.47740668058395386,0.5962963104248047,,,,,8,True,0.001,0.001,0.9,Focal,True,0.995,THEFT
0.38217392563819885,0.04444444552063942,0.3151693642139435,0.07795099914073944,0.6327272653579712,0.41944989562034607,0.5962963104248047,,,,,8,True,0.001,0.001,0.9,Focal,True,0.99,THEFT
0.42586955428123474,0.0,0.13333334028720856,0.07649513334035873,0.59300696849823,0.5612859725952148,0.5133333206176758,,,,,8,True,0.001,0.0005,0.95,Focal,True,0.999,THEFT
0.4128260910511017,0.03932584449648857,0.16249999403953552,0.08344923704862595,0.5475524663925171,0.5472203493118286,0.5133333206176758,,,,,8,True,0.001,0.0005,0.95,Focal,True,0.995,THEFT
0.416304349899292,0.0,0.19374999403953552,0.11682892590761185,0.494405597448349,0.5874078869819641,0.5133333206176758,,,,,8,True,0.001,0.0005,0.95,Focal,True,0.99,THEFT
0.3906521797180176,0.0,0.3166421353816986,0.15144766867160797,0.6399999856948853,0.39783889055252075,0.5962963104248047,,,,,8,True,0.001,0.001,0.95,Focal,True,0.999,THEFT
0.3980434834957123,0.0,0.36082473397254944,0.11915367841720581,0.6654545664787292,0.3958742618560791,0.5962963104248047,,,,,8,True,0.001,0.001,0.95,Focal,True,0.995,THEFT
0.4000000059604645,0.01123595517128706,0.24166665971279144,0.280945748090744,0.4020979106426239,0.5298057794570923,0.5133333206176758,,,,,8,True,0.001,0.001,0.95,Focal,True,0.99,THEFT
0.43521738052368164,0.0,0.06875000149011612,0.1738525778055191,0.5832167863845825,0.5733422636985779,0.5133333206176758,,,,,8,True,0.001,0.0005,0.99,Focal,True,0.999,THEFT
0.4350000023841858,0.0,0.16458334028720856,0.140472874045372,0.5671328902244568,0.5733422636985779,0.5133333206176758,,,,,8,True,0.001,0.0005,0.99,Focal,True,0.995,THEFT
0.43086957931518555,0.0,0.1354166716337204,0.17107093334197998,0.548251748085022,0.5733422636985779,0.5133333206176758,,,,,8,True,0.001,0.0005,0.99,Focal,True,0.99,THEFT
0.43173912167549133,0.0,0.14374999701976776,0.07093185186386108,0.6321678161621094,0.5411922335624695,0.5133333206176758,,,,,8,True,0.001,0.001,0.99,Focal,True,0.999,THEFT
0.43239131569862366,0.0,0.05416666716337204,0.17524339258670807,0.5783216953277588,0.5733422636985779,0.5133333206176758,,,,,8,True,0.001,0.001,0.99,Focal,True,0.995,THEFT
0.43630436062812805,0.0,0.06875000149011612,0.16411682963371277,0.5951048731803894,0.5699933171272278,0.5133333206176758,,,,,8,True,0.001,0.001,0.99,Focal,True,0.99,THEFT
